{"endTime":1721923618.0448217,"startTime":1721923576.9922225,"airLeaveTimes":[1721923597.8114998],"groundLeaveTimes":[]}