{"groundLeaveTimes":[1721922391.9229918],"endTime":1721922404.562325,"startTime":1721922326.2236543,"airLeaveTimes":[]}