{"groundLeaveTimes":[],"airLeaveTimes":[1722253971.4154263],"startTime":1722253967.8363614,"endTime":1722253981.6922479}