{"groundLeaveTimes":[1722009464.4939604],"endTime":1722009466.3703914,"startTime":1722009460.6136446,"airLeaveTimes":[]}