{"startTime":1722532650.2945209,"endTime":1722532790.1467605,"airLeaveTimes":[1722532673.7745268,1722532676.9445384,1722532679.9844797,1722532683.4144766,1722532686.6636298,1722532690.464436,1722532694.264437,1722532697.7645066,1722532701.1041493,1722532704.5339992,1722532707.9045157,1722532711.1544669,1722532714.5045166,1722532717.9345229,1722532721.3041651,1722532724.9744644,1722532728.044513,1722532731.5440476,1722532734.9736335,1722532738.4243226,1722532741.6745248,1722532745.3145149,1722532748.7745116,1722532752.2437732,1722532755.8645217,1722532759.5845175,1722532763.1335914,1722532766.5344658,1722532769.6140623],"groundLeaveTimes":[1722532672.313764,1722532675.464524,1722532678.7144847,1722532681.8645148,1722532685.3336015,1722532688.5139906,1722532692.664553,1722532696.3144746,1722532699.754474,1722532703.1645112,1722532706.574517,1722532709.804522,1722532712.9242523,1722532716.2241883,1722532719.7038045,1722532722.8241663,1722532726.3744638,1722532729.9435525,1722532733.2544606,1722532737.154466,1722532740.244484,1722532743.8645215,1722532747.0745132,1722532750.1745484,1722532754.3644583,1722532757.7845206,1722532761.5445163,1722532764.9845223,1722532768.2945216]}