{"groundLeaveTimes":[1720647712.6779714,1720647716.1884885,1720647719.7784967,1720647723.648491,1720647727.2284975,1720647731.0084538,1720647734.827497,1720647738.7577837,1720647742.928494,1720647746.8984919,1720647750.8783815,1720647754.7482398,1720647758.4984972,1720647762.3384264,1720647765.948416,1720647770.0181503,1720647773.5384417,1720647777.938496,1720647781.5884972,1720647784.9878702,1720647788.8777483,1720647792.687501,1720647796.328498,1720647800.188516,1720647804.1484458,1720647808.0084383,1720647811.9284964,1720647815.5275364,1720647819.0482454,1720647822.6284897],"endTime":1720647826.1957362,"startTime":1720647712.4184544,"airLeaveTimes":[1720647714.0282369,1720647717.8784664,1720647721.2784786,1720647725.3076985,1720647729.3484907,1720647732.9484828,1720647736.9584866,1720647740.978297,1720647744.8485184,1720647748.5776417,1720647752.8684413,1720647756.9185035,1720647760.1185048,1720647763.9383407,1720647767.9176698,1720647772.0180883,1720647775.9584897,1720647779.6184957,1720647783.2584937,1720647786.7685332,1720647790.8384895,1720647794.638467,1720647798.1384408,1720647802.3284938,1720647806.1784482,1720647810.0084343,1720647813.9984908,1720647817.2985132,1720647820.8984976,1720647824.7484531]}