{"airLeaveTimes":[1721812534.4543693],"endTime":1721812556.85717,"groundLeaveTimes":[1721812533.883768],"startTime":1721812532.8437243}