{"airLeaveTimes":[1721812268.571695],"endTime":1721812268.571695,"groundLeaveTimes":[1721812260.778864],"startTime":1721812258.4392366}