{"airLeaveTimes":[],"groundLeaveTimes":[1721840838.5222971],"endTime":1721840856.611599,"startTime":1721840834.1916423}