{"endTime":1722264531.385404,"groundLeaveTimes":[],"startTime":1722264516.2940195,"airLeaveTimes":[1722264523.1138191]}