{"startTime":1721843859.4430938,"airLeaveTimes":[],"groundLeaveTimes":[1721843862.63269],"endTime":1721843870.2753646}