{"groundLeaveTimes":[1721839364.737863],"endTime":1721839367.2975721,"airLeaveTimes":[1721839365.497925],"startTime":1721839360.3071175}