{"endTime":1727006218.148408,"groundLeaveTimes":[1727006219.148408],"airLeaveTimes":[],"startTime":1727006056.3584638}