{"airLeaveTimes":[1727277876.4694655,1727277880.3394694,1727277884.589503,1727277888.839505,1727277892.7395172,1727277896.9094977,1727277901.309498,1727277905.489455,1727277910.4395025,1727277914.939499],"groundLeaveTimes":[1727277874.5194998,1727277878.5694966,1727277882.3494987,1727277886.919501,1727277890.8594627,1727277894.6694632,1727277898.9094925,1727277903.2095056,1727277907.9294488,1727277912.6094935],"endTime":1727277924.0210757,"startTime":1727277854.5941036}