{"airLeaveTimes":[],"groundLeaveTimes":[1721746237.2264361,1721746238.1467695,1721746238.8872695,1721746239.768325,1721746240.601014,1721746241.3407028,1721746242.134914,1721746242.967603,1721746243.5469139,1721746244.3261917],"startTime":1721746237.2264361,"endTime":1721746246.6927807}