{"endTime":1721809429.956293,"groundLeaveTimes":[1721809414.1571813],"startTime":1721809410.9062917,"airLeaveTimes":[1721809414.7771225]}