{"endTime":1727010752.2300029,"startTime":1727010636.6000972,"airLeaveTimes":[1727010639.5500312,1727010644.3700547,1727010648.5601208,1727010652.6700919,1727010656.7400455,1727010660.4701004,1727010664.5600798,1727010669.290093,1727010672.9300961,1727010677.1400337,1727010681.410051,1727010685.7601008,1727010690.200099,1727010694.300085,1727010699.2500525,1727010703.1500425,1727010707.5700927,1727010711.840132,1727010716.0000997,1727010720.3400967,1727010724.3200471,1727010728.470035,1727010732.9400826,1727010736.9400826,1727010741.2901058,1727010745.670044],"groundLeaveTimes":[1727010638.4700444,1727010641.9400294,1727010646.3700373,1727010650.2900908,1727010655.0600939,1727010659.1900845,1727010662.7800486,1727010667.4800367,1727010671.290106,1727010675.160101,1727010679.6500528,1727010684.1301227,1727010688.3300407,1727010692.850047,1727010696.520121,1727010701.5800536,1727010705.900095,1727010710.4400883,1727010714.6901057,1727010718.3700905,1727010722.5500848,1727010726.8400857,1727010731.340091,1727010735.1700985,1727010739.4900434,1727010744.0600922]}