{"groundLeaveTimes":[1727278199.5009234],"endTime":1727278317.050781,"startTime":1727278191.5009234,"airLeaveTimes":[]}