{"airLeaveTimes":[1722333482.4822233,1722333486.2822673,1722333490.1122267,1722333493.9022198,1722333497.4016633,1722333500.651467,1722333504.0221694,1722333507.6722126,1722333511.2822177,1722333515.1221664,1722333519.4021642,1722333522.7021742,1722333526.142219,1722333529.7717988,1722333533.412221,1722333537.4222143,1722333541.2113771,1722333544.8222148,1722333548.6321652,1722333552.132182,1722333555.6922174,1722333559.4612086,1722333562.8822172,1722333566.4822252,1722333570.0822139,1722333574.3122094,1722333577.98178,1722333581.5021727,1722333584.93219,1722333588.131244],"endTime":1722333590.7021585,"groundLeaveTimes":[1722333481.1117377,1722333484.6822112,1722333488.3321846,1722333492.2022138,1722333495.7621763,1722333499.0221624,1722333502.482221,1722333505.6822107,1722333509.5320013,1722333513.2517004,1722333517.3918746,1722333520.9521804,1722333524.641859,1722333528.041772,1722333531.5122118,1722333535.4620984,1722333539.5622182,1722333542.9119413,1722333546.6621861,1722333550.4922094,1722333553.9321795,1722333557.4922125,1722333561.3116627,1722333564.7321677,1722333568.4615812,1722333572.1621592,1722333576.0813775,1722333579.772235,1722333583.0212994,1722333586.5822449],"startTime":1722333478.9112642}