{"endTime":1722253948.0599968,"groundLeaveTimes":[],"airLeaveTimes":[1722253940.6154993],"startTime":1722253938.0960963}