{"endTime":1721763024.2395566,"startTime":1721763015.818936,"groundLeaveTimes":[1721763019.5581884],"airLeaveTimes":[1721763020.8189464]}