{"airLeaveTimes":[],"endTime":1727278082.989984,"startTime":1727277959.0699992,"groundLeaveTimes":[1727277983.4899921]}