{"endTime":1721839199.9627945,"groundLeaveTimes":[1721839195.9371028],"airLeaveTimes":[],"startTime":1721839188.3070266}