{"groundLeaveTimes":[1721840128.7377796],"startTime":1721840111.3575165,"endTime":1721840159.9817448,"airLeaveTimes":[]}