{"startTime":1721810798.382806,"endTime":1721810820.0236614,"airLeaveTimes":[],"groundLeaveTimes":[1721810801.1522484]}