{"groundLeaveTimes":[1721843542.9166262],"endTime":1721843557.8840592,"startTime":1721843533.836648,"airLeaveTimes":[]}