{"startTime":1722527711.2393477,"endTime":1722527823.2165942,"airLeaveTimes":[1722527727.21935,1722527732.1193752,1722527736.3388822,1722527740.1893487,1722527745.8893523,1722527749.4893572,1722527752.739355,1722527755.809356,1722527759.2792387,1722527762.629309,1722527765.849355,1722527768.9985092,1722527772.0193608,1722527775.1686225,1722527778.4193494,1722527781.5193439,1722527784.5988264,1722527787.7186613,1722527791.0993102,1722527794.5493789,1722527798.1393414],"groundLeaveTimes":[1722527725.569149,1722527730.4593081,1722527734.4884908,1722527738.728877,1722527744.3093438,1722527747.3285654,1722527751.0790286,1722527754.1488135,1722527757.649355,1722527761.0593584,1722527764.3793445,1722527767.578689,1722527770.5693088,1722527773.4293053,1722527776.9493468,1722527779.9989755,1722527783.0793483,1722527786.2393255,1722527789.3893983,1722527792.798736,1722527796.21846]}