{"groundLeaveTimes":[],"airLeaveTimes":[1722268663.1566455],"endTime":1722268682.6874375,"startTime":1722268643.5175056}