{"startTime":1722006336.9435127,"groundLeaveTimes":[1722006340.283937],"endTime":1722006343.7994318,"airLeaveTimes":[]}