{"endTime":1721731173.5023882,"groundLeaveTimes":[1721731161.1323862,1721731162.2320316,1721731163.4823244],"airLeaveTimes":[1721731161.662378,1721731162.7123826,1721731168.6923904,1721731170.3621695,1721731172.6023982],"startTime":1721731159.7623863}