{"startTime":1722011748.5045831,"endTime":1722011762.3502226,"groundLeaveTimes":[],"airLeaveTimes":[1722011750.6346552]}