{"groundLeaveTimes":[1722523675.8505383,1722523679.2704937,1722523683.4905531,1722523688.8405144,1722523693.9101033,1722523698.1600761,1722523702.3805492,1722523707.1605682,1722523711.460558,1722523716.0305486,1722523720.9605575,1722523725.8104024,1722523730.3296103,1722523735.2705224,1722523740.3305585,1722523745.3305569,1722523750.4905694,1722523755.8205554,1722523761.350572,1722523765.5505624,1722523769.7205548,1722523776.4605346,1722523773.210553],"airLeaveTimes":[1722523677.2905488,1722523681.1005063,1722523685.7203782,1722523691.3705595,1722523695.9404962,1722523700.1705327,1722523704.4596536,1722523709.0105073,1722523713.6805606,1722523718.0103598,1722523722.9504056,1722523727.6800902,1722523732.5103867,1722523737.430546,1722523742.300553,1722523747.5498552,1722523752.9404926,1722523758.0905628,1722523763.1499906,1722523767.4702017,1722523771.4205575,1722523774.4905486,1722523777.7598293],"endTime":1722523784.1161308,"startTime":1722523669.6995666}